imfreakish,https://www.instagram.com/imfreakish

decorosa_home,https://www.instagram.com/decorosa_home

natemps_pas,https://www.instagram.com/natemps_pas

charlotte.mailhes.immobilier,https://www.instagram.com/charlotte.mailhes.immobilier

oeil_de_belier,https://www.instagram.com/oeil_de_belier

sonnenanbeter_9,https://www.instagram.com/sonnenanbeter_9

aemon_tariq,https://www.instagram.com/aemon_tariq

mahshid_art.v,https://www.instagram.com/mahshid_art.v

meftun_photography,https://www.instagram.com/meftun_photography

humanityphotographer,https://www.instagram.com/humanityphotographer

gemeas_viajantes,https://www.instagram.com/gemeas_viajantes

madiana76,https://www.instagram.com/madiana76

kallybalzer,https://www.instagram.com/kallybalzer

flo_chehere,https://www.instagram.com/flo_chehere

diogodejesus_,https://www.instagram.com/diogodejesus_

_the__wandering__soul__,https://www.instagram.com/_the__wandering__soul__

bms_kai_and_wolfgang,https://www.instagram.com/bms_kai_and_wolfgang

thilina_b_weerasinghe_,https://www.instagram.com/thilina_b_weerasinghe_

bisht_yt_ff,https://www.instagram.com/bisht_yt_ff

wattanimal,https://www.instagram.com/wattanimal

fede_london_wasabi,https://www.instagram.com/fede_london_wasabi

himalayanvlogger,https://www.instagram.com/himalayanvlogger

_mahyach_,https://www.instagram.com/_mahyach_

yoanbsn_off,https://www.instagram.com/yoanbsn_off

taheoutdoorsstore,https://www.instagram.com/taheoutdoorsstore

paze_swe,https://www.instagram.com/paze_swe

obsgl,https://www.instagram.com/obsgl

the.beauty.of.pixels,https://www.instagram.com/the.beauty.of.pixels

planettrotter,https://www.instagram.com/planettrotter

jeewankumarkhatri,https://www.instagram.com/jeewankumarkhatri

lukas_durana,https://www.instagram.com/lukas_durana

travellingkoffermann,https://www.instagram.com/travellingkoffermann

mi_su_nature_landscape,https://www.instagram.com/mi_su_nature_landscape

mary.jambrek,https://www.instagram.com/mary.jambrek

viajeaventuras,https://www.instagram.com/viajeaventuras

___siria___,https://www.instagram.com/___siria___

mandanephotography,https://www.instagram.com/mandanephotography

mesbahijaouad,https://www.instagram.com/mesbahijaouad

giuseppe_piampiano,https://www.instagram.com/giuseppe_piampiano

chopanfs,https://www.instagram.com/chopanfs

chri_travel,https://www.instagram.com/chri_travel

climbsnowdonia,https://www.instagram.com/climbsnowdonia

lydiesevade,https://www.instagram.com/lydiesevade

blreka,https://www.instagram.com/blreka

unjourunebiere1,https://www.instagram.com/unjourunebiere1

sergey.st.70,https://www.instagram.com/sergey.st.70

hiking_helen_,https://www.instagram.com/hiking_helen_

travel_clips_,https://www.instagram.com/travel_clips_

ddonifer,https://www.instagram.com/ddonifer

bibek.kc_,https://www.instagram.com/bibek.kc_

chitrakathayaen,https://www.instagram.com/chitrakathayaen

croatiaislandpag,https://www.instagram.com/croatiaislandpag

raconte_moi_un_voyage,https://www.instagram.com/raconte_moi_un_voyage

aarjus,https://www.instagram.com/aarjus

justinejanotto,https://www.instagram.com/justinejanotto

belam.art,https://www.instagram.com/belam.art

beautyofnature7676,https://www.instagram.com/beautyofnature7676

201082w,https://www.instagram.com/201082w

lisamorgan_travel,https://www.instagram.com/lisamorgan_travel

itsalexfomenko,https://www.instagram.com/itsalexfomenko

planet_beauty007,https://www.instagram.com/planet_beauty007

itsrajeeb,https://www.instagram.com/itsrajeeb

cataldodorso,https://www.instagram.com/cataldodorso

meshavkinaolia,https://www.instagram.com/meshavkinaolia

bilen_art,https://www.instagram.com/bilen_art

a7kilr,https://www.instagram.com/a7kilr

sophiedelrosso,https://www.instagram.com/sophiedelrosso

tanguymusique,https://www.instagram.com/tanguymusique

evangelos_marinopoulos,https://www.instagram.com/evangelos_marinopoulos

nagaraj0ff,https://www.instagram.com/nagaraj0ff

cusco.destinations,https://www.instagram.com/cusco.destinations

evethikayemiz,https://www.instagram.com/evethikayemiz

anu_anzar,https://www.instagram.com/anu_anzar

archives_personnelles,https://www.instagram.com/archives_personnelles

archives_personnelles,https://www.instagram.com/archives_personnelles

ederlala,https://www.instagram.com/ederlala

sylhans_gram,https://www.instagram.com/sylhans_gram

abdelhaq_ba7im,https://www.instagram.com/abdelhaq_ba7im

0daraa,https://www.instagram.com/0daraa

tommy.ols25,https://www.instagram.com/tommy.ols25

homairahad39,https://www.instagram.com/homairahad39

____aprill___,https://www.instagram.com/____aprill___

philipps_reisewelt,https://www.instagram.com/philipps_reisewelt

stephanemn,https://www.instagram.com/stephanemn

leprofesseurgrego,https://www.instagram.com/leprofesseurgrego

photoayra,https://www.instagram.com/photoayra

eddymascarel,https://www.instagram.com/eddymascarel

auldsouls,https://www.instagram.com/auldsouls

emeraudetrip,https://www.instagram.com/emeraudetrip

andreas.3110,https://www.instagram.com/andreas.3110

swissmissontour,https://www.instagram.com/swissmissontour

cfistra,https://www.instagram.com/cfistra

ishara_pethum,https://www.instagram.com/ishara_pethum

dijon_parquets,https://www.instagram.com/dijon_parquets

rosssinii,https://www.instagram.com/rosssinii

facelesshh,https://www.instagram.com/facelesshh

viclrdo,https://www.instagram.com/viclrdo

zoe.nogluten,https://www.instagram.com/zoe.nogluten

andreadamico95,https://www.instagram.com/andreadamico95

bougie_apostrophe,https://www.instagram.com/bougie_apostrophe

almondeyes.photo,https://www.instagram.com/almondeyes.photo

saoussen,https://www.instagram.com/saoussen

emi_and_emerson,https://www.instagram.com/emi_and_emerson

mirandamilan,https://www.instagram.com/mirandamilan

marc_vgr,https://www.instagram.com/marc_vgr

c.r.i.s.t.i.a.n.m.f,https://www.instagram.com/c.r.i.s.t.i.a.n.m.f

khokha_lolita,https://www.instagram.com/khokha_lolita

explore.new.horizons,https://www.instagram.com/explore.new.horizons

yours_to_discover2022,https://www.instagram.com/yours_to_discover2022

baemelony,https://www.instagram.com/baemelony

nadeem.dexter,https://www.instagram.com/nadeem.dexter

salo_tkesheliadze,https://www.instagram.com/salo_tkesheliadze

vova_putnik,https://www.instagram.com/vova_putnik

felipearaujofotografia,https://www.instagram.com/felipearaujofotografia

rash_10_98,https://www.instagram.com/rash_10_98

angie_col2,https://www.instagram.com/angie_col2

asadabbas.12,https://www.instagram.com/asadabbas.12

arijits_wildlife_photography,https://www.instagram.com/arijits_wildlife_photography

peoniesnaturalcare,https://www.instagram.com/peoniesnaturalcare

crorestoexplore,https://www.instagram.com/crorestoexplore

josepmossoua,https://www.instagram.com/josepmossoua

umashankar_goyal,https://www.instagram.com/umashankar_goyal

houcin_elothmani,https://www.instagram.com/houcin_elothmani

maria_arenzana,https://www.instagram.com/maria_arenzana

jotapelaezescultor,https://www.instagram.com/jotapelaezescultor

_cnk,https://www.instagram.com/_cnk

lasharighazanfar,https://www.instagram.com/lasharighazanfar

ryanstones_x,https://www.instagram.com/ryanstones_x

hellennomundo,https://www.instagram.com/hellennomundo

francescolotruglio,https://www.instagram.com/francescolotruglio

anzeryaylasi53,https://www.instagram.com/anzeryaylasi53

beingmdtariq,https://www.instagram.com/beingmdtariq

fraeuleinotten,https://www.instagram.com/fraeuleinotten

adam______off,https://www.instagram.com/adam______off

mariusbackerphoto,https://www.instagram.com/mariusbackerphoto

assdaoumohamed,https://www.instagram.com/assdaoumohamed

misha_saied,https://www.instagram.com/misha_saied

curious_vin,https://www.instagram.com/curious_vin

husnainrasheed099,https://www.instagram.com/husnainrasheed099

doctorcare_travels,https://www.instagram.com/doctorcare_travels

chaghd88,https://www.instagram.com/chaghd88

rajeeshpro,https://www.instagram.com/rajeeshpro

explore_my_city99,https://www.instagram.com/explore_my_city99

purebaliamed,https://www.instagram.com/purebaliamed

_kreezy,https://www.instagram.com/_kreezy

tripsgabii,https://www.instagram.com/tripsgabii

myfashionlogg,https://www.instagram.com/myfashionlogg

berivan.koc_,https://www.instagram.com/berivan.koc_

the.northadventurers,https://www.instagram.com/the.northadventurers

pictural_gourou,https://www.instagram.com/pictural_gourou

eda.cbci,https://www.instagram.com/eda.cbci

o_fr33z,https://www.instagram.com/o_fr33z

jayani_kan,https://www.instagram.com/jayani_kan

mellybie,https://www.instagram.com/mellybie

bara.necas,https://www.instagram.com/bara.necas

oussama_khajjou,https://www.instagram.com/oussama_khajjou

farukphotox,https://www.instagram.com/farukphotox

gaboarvelaiz,https://www.instagram.com/gaboarvelaiz

sil_na_inglaterra,https://www.instagram.com/sil_na_inglaterra

abdel0dim,https://www.instagram.com/abdel0dim

giovanniponzini,https://www.instagram.com/giovanniponzini

gaboagn,https://www.instagram.com/gaboagn

balveerseth_,https://www.instagram.com/balveerseth_

andrei_s__,https://www.instagram.com/andrei_s__

sandrine_berthe,https://www.instagram.com/sandrine_berthe

sxqibkhan,https://www.instagram.com/sxqibkhan

jumpintothemap,https://www.instagram.com/jumpintothemap

_moment.hunting,https://www.instagram.com/_moment.hunting

vane_gomezt,https://www.instagram.com/vane_gomezt

m.enfel,https://www.instagram.com/m.enfel

lielifelie,https://www.instagram.com/lielifelie

digital.trekker,https://www.instagram.com/digital.trekker

dj_wayanadan,https://www.instagram.com/dj_wayanadan

el_turismo_es_un_gran_invento,https://www.instagram.com/el_turismo_es_un_gran_invento

jeremyberger_photography,https://www.instagram.com/jeremyberger_photography

photographer_1367,https://www.instagram.com/photographer_1367

the_real_acid,https://www.instagram.com/the_real_acid

kitefun_international,https://www.instagram.com/kitefun_international

3xplorelif3,https://www.instagram.com/3xplorelif3

joanvinashidalgo,https://www.instagram.com/joanvinashidalgo

sabcestbien1711,https://www.instagram.com/sabcestbien1711

muratgrc1,https://www.instagram.com/muratgrc1

andres.antoiine,https://www.instagram.com/andres.antoiine

leffetmain.de.marion,https://www.instagram.com/leffetmain.de.marion

_____c.marinus_____,https://www.instagram.com/_____c.marinus_____

elenochka_official56,https://www.instagram.com/elenochka_official56

t.animals_,https://www.instagram.com/t.animals_

gezendunyali,https://www.instagram.com/gezendunyali

evrensel_kadraj_07,https://www.instagram.com/evrensel_kadraj_07

reviatelier,https://www.instagram.com/reviatelier

mmari_photography,https://www.instagram.com/mmari_photography

jayes_maria_joy,https://www.instagram.com/jayes_maria_joy

wallysonn_ofc,https://www.instagram.com/wallysonn_ofc

laety_pop,https://www.instagram.com/laety_pop

mxf_fusion,https://www.instagram.com/mxf_fusion

gabisilveirag,https://www.instagram.com/gabisilveirag

tanzania_luxury_safaris,https://www.instagram.com/tanzania_luxury_safaris

btw_its_dahdah,https://www.instagram.com/btw_its_dahdah

sr.boli,https://www.instagram.com/sr.boli

sandrinedepaname,https://www.instagram.com/sandrinedepaname

ursvikasverma,https://www.instagram.com/ursvikasverma

travelglobetrotteuse,https://www.instagram.com/travelglobetrotteuse

shivneel1604,https://www.instagram.com/shivneel1604

jane_zandi,https://www.instagram.com/jane_zandi

outdoor_kazakhstan,https://www.instagram.com/outdoor_kazakhstan

justingarrison,https://www.instagram.com/justingarrison

pix_l_studio,https://www.instagram.com/pix_l_studio

voyage_addict,https://www.instagram.com/voyage_addict

abdul_wadoood,https://www.instagram.com/abdul_wadoood

taobeoyu.travel,https://www.instagram.com/taobeoyu.travel

windrosedesvents,https://www.instagram.com/windrosedesvents

emmavancarlen,https://www.instagram.com/emmavancarlen

dr.carrasco_rc,https://www.instagram.com/dr.carrasco_rc

alla_u_ddin_,https://www.instagram.com/alla_u_ddin_

le_temple_des_pierres,https://www.instagram.com/le_temple_des_pierres

colombeetcerise,https://www.instagram.com/colombeetcerise

neutazzvelunk,https://www.instagram.com/neutazzvelunk

happygarden_fr,https://www.instagram.com/happygarden_fr

amal_h86,https://www.instagram.com/amal_h86

gabrieldaponterioniteroi,https://www.instagram.com/gabrieldaponterioniteroi

krakoska.jeleniogorzanka,https://www.instagram.com/krakoska.jeleniogorzanka

esprit_bo_aime,https://www.instagram.com/esprit_bo_aime

stephanandsandra,https://www.instagram.com/stephanandsandra

aliciaa.ms,https://www.instagram.com/aliciaa.ms

hello_hunza,https://www.instagram.com/hello_hunza

pinkpeperoni,https://www.instagram.com/pinkpeperoni

jairo_ramirez_art,https://www.instagram.com/jairo_ramirez_art

rose_dollsweet,https://www.instagram.com/rose_dollsweet

ingrid_lecoeur,https://www.instagram.com/ingrid_lecoeur

alicia.nutrisport,https://www.instagram.com/alicia.nutrisport

jogijournal,https://www.instagram.com/jogijournal

marinelevy_,https://www.instagram.com/marinelevy_

andrea__bonsi,https://www.instagram.com/andrea__bonsi

simondiaaz,https://www.instagram.com/simondiaaz

anselmoeditore,https://www.instagram.com/anselmoeditore

mrtkznl__,https://www.instagram.com/mrtkznl__

lena_t_travel,https://www.instagram.com/lena_t_travel

dronerontour,https://www.instagram.com/dronerontour

le.sabba,https://www.instagram.com/le.sabba

handbboutiqueuk,https://www.instagram.com/handbboutiqueuk

matthi.gui,https://www.instagram.com/matthi.gui

camilo.m25,https://www.instagram.com/camilo.m25

suntoucher__,https://www.instagram.com/suntoucher__

just.a.doggirl,https://www.instagram.com/just.a.doggirl

sargsiananaida,https://www.instagram.com/sargsiananaida

valentinophotography._,https://www.instagram.com/valentinophotography._

jimmyfoobar,https://www.instagram.com/jimmyfoobar

astegiano.remi,https://www.instagram.com/astegiano.remi

carlosferrophotography,https://www.instagram.com/carlosferrophotography

philphilip04,https://www.instagram.com/philphilip04

carolinekasunic,https://www.instagram.com/carolinekasunic

halil.kvckr,https://www.instagram.com/halil.kvckr

gravitychoicesfoto,https://www.instagram.com/gravitychoicesfoto

rgvisuel,https://www.instagram.com/rgvisuel

markamabakdigital,https://www.instagram.com/markamabakdigital

rad.todoroff,https://www.instagram.com/rad.todoroff

polina__sol,https://www.instagram.com/polina__sol

bybjergskov,https://www.instagram.com/bybjergskov

davidjohnharris,https://www.instagram.com/davidjohnharris

willetay,https://www.instagram.com/willetay

fulviodelpiero,https://www.instagram.com/fulviodelpiero

justbeefreee,https://www.instagram.com/justbeefreee

camino_o2,https://www.instagram.com/camino_o2

yogi_oceane,https://www.instagram.com/yogi_oceane

divinehiker,https://www.instagram.com/divinehiker

rachel.ancelin,https://www.instagram.com/rachel.ancelin

julio.humeniuk,https://www.instagram.com/julio.humeniuk

juliette__yr,https://www.instagram.com/juliette__yr

eber_fz,https://www.instagram.com/eber_fz

alkenaan_lens,https://www.instagram.com/alkenaan_lens

alex_ocallaghan_art,https://www.instagram.com/alex_ocallaghan_art

tof.photos,https://www.instagram.com/tof.photos

cocktails_lovers_ray,https://www.instagram.com/cocktails_lovers_ray

vamosvivendoassim,https://www.instagram.com/vamosvivendoassim

madeleine_plaza_paris,https://www.instagram.com/madeleine_plaza_paris

nicolas.btl,https://www.instagram.com/nicolas.btl

rajasthani_art_culture,https://www.instagram.com/rajasthani_art_culture

mhcommunicate,https://www.instagram.com/mhcommunicate

tha_de_role,https://www.instagram.com/tha_de_role

pauliina_stranius,https://www.instagram.com/pauliina_stranius

madamegemme,https://www.instagram.com/madamegemme

javier.moron.semprun,https://www.instagram.com/javier.moron.semprun

moda____0000,https://www.instagram.com/moda____0000

bunnyonlineaa,https://www.instagram.com/bunnyonlineaa

oussama_.rk,https://www.instagram.com/oussama_.rk

charlottyh,https://www.instagram.com/charlottyh

emm_adventurer,https://www.instagram.com/emm_adventurer

photo_goffreedoo____,https://www.instagram.com/photo_goffreedoo____

mary.ceo,https://www.instagram.com/mary.ceo

montaniaadventures,https://www.instagram.com/montaniaadventures

rolovicdraganaa,https://www.instagram.com/rolovicdraganaa

nain_photogrepher,https://www.instagram.com/nain_photogrepher

arif_snaps,https://www.instagram.com/arif_snaps

faizankamal_,https://www.instagram.com/faizankamal_

mavin_mavin__,https://www.instagram.com/mavin_mavin__

enzomez,https://www.instagram.com/enzomez

_photo0o,https://www.instagram.com/_photo0o

photo_graphe_morocco,https://www.instagram.com/photo_graphe_morocco

comptoirdore,https://www.instagram.com/comptoirdore

niklas.wiest,https://www.instagram.com/niklas.wiest

wordstrail.bulgaria,https://www.instagram.com/wordstrail.bulgaria

world_in_a_mug,https://www.instagram.com/world_in_a_mug

reelstrek,https://www.instagram.com/reelstrek

aycangvn,https://www.instagram.com/aycangvn

errante_travel,https://www.instagram.com/errante_travel

clickoflifee,https://www.instagram.com/clickoflifee

artbyhanlon,https://www.instagram.com/artbyhanlon

globejetting,https://www.instagram.com/globejetting

ali.al_mufti,https://www.instagram.com/ali.al_mufti

fahim_ahmed_alvi,https://www.instagram.com/fahim_ahmed_alvi

nikos_traveller_cy,https://www.instagram.com/nikos_traveller_cy

samantasupriya,https://www.instagram.com/samantasupriya

langelacan,https://www.instagram.com/langelacan

kla.lugardonclea,https://www.instagram.com/kla.lugardonclea

leflocon_restaurant,https://www.instagram.com/leflocon_restaurant

traviskirkblack,https://www.instagram.com/traviskirkblack

spashtravels,https://www.instagram.com/spashtravels

omar.lyouss,https://www.instagram.com/omar.lyouss

eaventyr,https://www.instagram.com/eaventyr

alyasau.nasir,https://www.instagram.com/alyasau.nasir

wandsoriginal,https://www.instagram.com/wandsoriginal

lachicfille.bijoux.paris,https://www.instagram.com/lachicfille.bijoux.paris

yeni_hesap_bioda11,https://www.instagram.com/yeni_hesap_bioda11

chezboulangiolo,https://www.instagram.com/chezboulangiolo

sophiesunshine13,https://www.instagram.com/sophiesunshine13

ash.artnature,https://www.instagram.com/ash.artnature

eves.view,https://www.instagram.com/eves.view

felicitavintage,https://www.instagram.com/felicitavintage

viewindelight,https://www.instagram.com/viewindelight

13_liljeff,https://www.instagram.com/13_liljeff

insanity.nk,https://www.instagram.com/insanity.nk

pauly1515,https://www.instagram.com/pauly1515

prisme.charles.tatouages,https://www.instagram.com/prisme.charles.tatouages

adventure.phillip,https://www.instagram.com/adventure.phillip

charlene.energievibratoire,https://www.instagram.com/charlene.energievibratoire

vempraaventura,https://www.instagram.com/vempraaventura

audrey.dura,https://www.instagram.com/audrey.dura

salama_sinai,https://www.instagram.com/salama_sinai

laeti.moo,https://www.instagram.com/laeti.moo

shahbazps,https://www.instagram.com/shahbazps

diffuser_cusco,https://www.instagram.com/diffuser_cusco

princ3_digital_fotografia,https://www.instagram.com/princ3_digital_fotografia

olaa_aleksandraa87,https://www.instagram.com/olaa_aleksandraa87

moonas_gemstones_london,https://www.instagram.com/moonas_gemstones_london

innulyana,https://www.instagram.com/innulyana

simonframes,https://www.instagram.com/simonframes

achilles_buttimar,https://www.instagram.com/achilles_buttimar

telefonowiak_,https://www.instagram.com/telefonowiak_

asgrandmasays,https://www.instagram.com/asgrandmasays

flemezhomes,https://www.instagram.com/flemezhomes

gelenaorlowa,https://www.instagram.com/gelenaorlowa

ahakeem.akram,https://www.instagram.com/ahakeem.akram

gezginlendinizz,https://www.instagram.com/gezginlendinizz

lesabricotiersbypopinns,https://www.instagram.com/lesabricotiersbypopinns

oakthefirst,https://www.instagram.com/oakthefirst

sesed._.li,https://www.instagram.com/sesed._.li

kris_kross88,https://www.instagram.com/kris_kross88

lepecheurdecorail,https://www.instagram.com/lepecheurdecorail

mimesisars,https://www.instagram.com/mimesisars

landscaperliker,https://www.instagram.com/landscaperliker

melis_ark_,https://www.instagram.com/melis_ark_

skylightmotionpicture,https://www.instagram.com/skylightmotionpicture

pugsy_wanderlusts_,https://www.instagram.com/pugsy_wanderlusts_

hutstyler,https://www.instagram.com/hutstyler

youngwildandlee,https://www.instagram.com/youngwildandlee

neilo_fj,https://www.instagram.com/neilo_fj

jessnevin,https://www.instagram.com/jessnevin

photo.mobilebrasil,https://www.instagram.com/photo.mobilebrasil

crissfilms,https://www.instagram.com/crissfilms

lucaslemarfe,https://www.instagram.com/lucaslemarfe

its_seemabatool,https://www.instagram.com/its_seemabatool

yasminbons,https://www.instagram.com/yasminbons

pics_saba,https://www.instagram.com/pics_saba

__brown_boy__2.0,https://www.instagram.com/__brown_boy__2.0

tok.tours,https://www.instagram.com/tok.tours

frenchriviera.paradise,https://www.instagram.com/frenchriviera.paradise

frenchie_officiel,https://www.instagram.com/frenchie_officiel

___the_esinti__,https://www.instagram.com/___the_esinti__

apneeparis,https://www.instagram.com/apneeparis

theresa.travels,https://www.instagram.com/theresa.travels

drsadisatici,https://www.instagram.com/drsadisatici

labougeottefrancaise,https://www.instagram.com/labougeottefrancaise

afalewee,https://www.instagram.com/afalewee

yannickmatej,https://www.instagram.com/yannickmatej

gilbertomsjr,https://www.instagram.com/gilbertomsjr

liampreecephotography,https://www.instagram.com/liampreecephotography

mr_nikhil_photography_,https://www.instagram.com/mr_nikhil_photography_

bawatchfaces,https://www.instagram.com/bawatchfaces

entreprenantes,https://www.instagram.com/entreprenantes

viajantesdobem_,https://www.instagram.com/viajantesdobem_

giannis_doum_,https://www.instagram.com/giannis_doum_

_sophie_photographe,https://www.instagram.com/_sophie_photographe

comfy_star_bed,https://www.instagram.com/comfy_star_bed

hknakkayaphtgrphr,https://www.instagram.com/hknakkayaphtgrphr

joshmeitz,https://www.instagram.com/joshmeitz

viajandocomdriadri,https://www.instagram.com/viajandocomdriadri

i.azeemabbas,https://www.instagram.com/i.azeemabbas

christian_rotti_photography,https://www.instagram.com/christian_rotti_photography

bonsai_galinou,https://www.instagram.com/bonsai_galinou

_travelogy_,https://www.instagram.com/_travelogy_

a.horaeagoraoficial,https://www.instagram.com/a.horaeagoraoficial

rareclicks__,https://www.instagram.com/rareclicks__

natural.photog2,https://www.instagram.com/natural.photog2

shooton04,https://www.instagram.com/shooton04

islandtoursafari2020,https://www.instagram.com/islandtoursafari2020

lembrancasnamala,https://www.instagram.com/lembrancasnamala

ja_boga,https://www.instagram.com/ja_boga

guidegoyav,https://www.instagram.com/guidegoyav

alexalatorret,https://www.instagram.com/alexalatorret

tripsquad.ma,https://www.instagram.com/tripsquad.ma

athanorcreations,https://www.instagram.com/athanorcreations

honza.jin,https://www.instagram.com/honza.jin

travelaila,https://www.instagram.com/travelaila

vertbaudetfr,https://www.instagram.com/vertbaudetfr

paulomochy,https://www.instagram.com/paulomochy

langhi_d,https://www.instagram.com/langhi_d

sergey.st.70,https://www.instagram.com/sergey.st.70

sammyallsop,https://www.instagram.com/sammyallsop

vanessamlch,https://www.instagram.com/vanessamlch

swimminginthemoment,https://www.instagram.com/swimminginthemoment

duniabasketbali,https://www.instagram.com/duniabasketbali

julieann.ouellet,https://www.instagram.com/julieann.ouellet

sanne.dewaal,https://www.instagram.com/sanne.dewaal

ludorsl_tri,https://www.instagram.com/ludorsl_tri

zafergoksuofficial,https://www.instagram.com/zafergoksuofficial

mobile_photograph.05,https://www.instagram.com/mobile_photograph.05

keeptrippingstei,https://www.instagram.com/keeptrippingstei

burem_sukulent,https://www.instagram.com/burem_sukulent

soa.share,https://www.instagram.com/soa.share

meghan.moloney,https://www.instagram.com/meghan.moloney

shotbyhas,https://www.instagram.com/shotbyhas

marinatome.artiste,https://www.instagram.com/marinatome.artiste

singh.susanne,https://www.instagram.com/singh.susanne

photoadck,https://www.instagram.com/photoadck

marcosadv_,https://www.instagram.com/marcosadv_

khan_hammu_,https://www.instagram.com/khan_hammu_

laib_writes,https://www.instagram.com/laib_writes

talosdarius,https://www.instagram.com/talosdarius

qki.mestenca,https://www.instagram.com/qki.mestenca

foto10br,https://www.instagram.com/foto10br

maisonsdumonde,https://www.instagram.com/maisonsdumonde

funnyfailsreels,https://www.instagram.com/funnyfailsreels

baiobay,https://www.instagram.com/baiobay

naseem_hussain22,https://www.instagram.com/naseem_hussain22

kiryl.mazitau,https://www.instagram.com/kiryl.mazitau

arthur.debellescize,https://www.instagram.com/arthur.debellescize

jbaptisten,https://www.instagram.com/jbaptisten

jbaptisten,https://www.instagram.com/jbaptisten

jerem.brachet,https://www.instagram.com/jerem.brachet

u.m__11.11,https://www.instagram.com/u.m__11.11

jeladeese,https://www.instagram.com/jeladeese

jdrx.photography,https://www.instagram.com/jdrx.photography

picartbest,https://www.instagram.com/picartbest

xyzimages,https://www.instagram.com/xyzimages

welcomelastrate,https://www.instagram.com/welcomelastrate

romgaif,https://www.instagram.com/romgaif

ibitipocaumapordia,https://www.instagram.com/ibitipocaumapordia

stonez_family,https://www.instagram.com/stonez_family

rutilise,https://www.instagram.com/rutilise

travels.and.mood,https://www.instagram.com/travels.and.mood

ssuurrbbhhii007,https://www.instagram.com/ssuurrbbhhii007

amly_kate,https://www.instagram.com/amly_kate

theneighbor_wood,https://www.instagram.com/theneighbor_wood

onemanswilderness,https://www.instagram.com/onemanswilderness

arts.by.sahar,https://www.instagram.com/arts.by.sahar

marianarmateus,https://www.instagram.com/marianarmateus

lenargnn,https://www.instagram.com/lenargnn

wandering_couple_twenty7,https://www.instagram.com/wandering_couple_twenty7

nabab_mamun_khan,https://www.instagram.com/nabab_mamun_khan

photo_workshop34,https://www.instagram.com/photo_workshop34

photoholic__baba,https://www.instagram.com/photoholic__baba

siagvlog,https://www.instagram.com/siagvlog

alpinofrancesco,https://www.instagram.com/alpinofrancesco

kalandozzvelem,https://www.instagram.com/kalandozzvelem

nature_the_heart_of_peace_,https://www.instagram.com/nature_the_heart_of_peace_

mariam._photography,https://www.instagram.com/mariam._photography

leschenapansobjets,https://www.instagram.com/leschenapansobjets

shiraz_by_the_glass,https://www.instagram.com/shiraz_by_the_glass

sunseawalker,https://www.instagram.com/sunseawalker

mitravelmundo,https://www.instagram.com/mitravelmundo

planete_bonsai,https://www.instagram.com/planete_bonsai

poetkhan,https://www.instagram.com/poetkhan

currytayy,https://www.instagram.com/currytayy

mariangelacerbino,https://www.instagram.com/mariangelacerbino

seyhmus_seyhan21,https://www.instagram.com/seyhmus_seyhan21

maxart_ua,https://www.instagram.com/maxart_ua

coastalwander,https://www.instagram.com/coastalwander

be1ezas_da_natureza,https://www.instagram.com/be1ezas_da_natureza

mimesisars,https://www.instagram.com/mimesisars

renxtanbul12_34,https://www.instagram.com/renxtanbul12_34

seventh_society_anime,https://www.instagram.com/seventh_society_anime

estou.na.lapinha,https://www.instagram.com/estou.na.lapinha

patriciadamasilva,https://www.instagram.com/patriciadamasilva

karthik_kumar21,https://www.instagram.com/karthik_kumar21

editionsbleuetjaune,https://www.instagram.com/editionsbleuetjaune

ho_ssa_m_,https://www.instagram.com/ho_ssa_m_

mytripmemoriestraveller,https://www.instagram.com/mytripmemoriestraveller

gabyursache,https://www.instagram.com/gabyursache

_thomas.buton_,https://www.instagram.com/_thomas.buton_

samsungfrance,https://www.instagram.com/samsungfrance

cuscovloggers,https://www.instagram.com/cuscovloggers

maybechaos_,https://www.instagram.com/maybechaos_

numinous_adventure,https://www.instagram.com/numinous_adventure

esraacarsaka,https://www.instagram.com/esraacarsaka

hlifeld,https://www.instagram.com/hlifeld

luke.travels.the.world,https://www.instagram.com/luke.travels.the.world

mars_mohammad,https://www.instagram.com/mars_mohammad

travel_with_iphone6s,https://www.instagram.com/travel_with_iphone6s

seawinglobal,https://www.instagram.com/seawinglobal

davidgearyphoto,https://www.instagram.com/davidgearyphoto

faceart__baku__,https://www.instagram.com/faceart__baku__

jayne_jon95,https://www.instagram.com/jayne_jon95

airdevoyager,https://www.instagram.com/airdevoyager

anabel_calvachi,https://www.instagram.com/anabel_calvachi

bd_photography_4,https://www.instagram.com/bd_photography_4

pippopittoresco,https://www.instagram.com/pippopittoresco

4coinsdelhexagone,https://www.instagram.com/4coinsdelhexagone

beautiful_lifestyle37,https://www.instagram.com/beautiful_lifestyle37

ibitipocando,https://www.instagram.com/ibitipocando

samsunhayvandostlari,https://www.instagram.com/samsunhayvandostlari

photographienaturemel,https://www.instagram.com/photographienaturemel

n4nature_clicks,https://www.instagram.com/n4nature_clicks

_suradicto,https://www.instagram.com/_suradicto

animal_wisdom_,https://www.instagram.com/animal_wisdom_

vivianne_goes,https://www.instagram.com/vivianne_goes

beg__memis,https://www.instagram.com/beg__memis

picsby_abdul,https://www.instagram.com/picsby_abdul

wattanimal,https://www.instagram.com/wattanimal

maiwenlenisauteure,https://www.instagram.com/maiwenlenisauteure

viajarpormarruecos4x4,https://www.instagram.com/viajarpormarruecos4x4

logovento,https://www.instagram.com/logovento

travel.waffle,https://www.instagram.com/travel.waffle

woodworkingwoodworker,https://www.instagram.com/woodworkingwoodworker

shebo.photo,https://www.instagram.com/shebo.photo

trullidialberobello,https://www.instagram.com/trullidialberobello

beautyofsindhpakistan_,https://www.instagram.com/beautyofsindhpakistan_

nomadstravel_,https://www.instagram.com/nomadstravel_

oficialdomingo3008,https://www.instagram.com/oficialdomingo3008

lochygastanaga,https://www.instagram.com/lochygastanaga

happyfortravel,https://www.instagram.com/happyfortravel

confitures_favols,https://www.instagram.com/confitures_favols

shevylevyart,https://www.instagram.com/shevylevyart

family_loves_traveling,https://www.instagram.com/family_loves_traveling

electrodepotfr,https://www.instagram.com/electrodepotfr

lachute__,https://www.instagram.com/lachute__

sydney,https://www.instagram.com/sydney

runwild.off,https://www.instagram.com/runwild.off

mansard_france,https://www.instagram.com/mansard_france

bartek.kaz,https://www.instagram.com/bartek.kaz

shanawajhossainkha,https://www.instagram.com/shanawajhossainkha

amarisvoyages,https://www.instagram.com/amarisvoyages

agherti,https://www.instagram.com/agherti

edon2108,https://www.instagram.com/edon2108

illuminatecollectiverugs,https://www.instagram.com/illuminatecollectiverugs

itstaratorabi,https://www.instagram.com/itstaratorabi

kayumavillas,https://www.instagram.com/kayumavillas

viewfinder_im,https://www.instagram.com/viewfinder_im

_chameleon.li_,https://www.instagram.com/_chameleon.li_

grupo.carvalhaes,https://www.instagram.com/grupo.carvalhaes

oussamaerraoui1,https://www.instagram.com/oussamaerraoui1

pixabay_doun,https://www.instagram.com/pixabay_doun

lamaisondaure,https://www.instagram.com/lamaisondaure

apolloswurld,https://www.instagram.com/apolloswurld

our_own_experience,https://www.instagram.com/our_own_experience

bike_evasion,https://www.instagram.com/bike_evasion

un_instant_pour_une_photo,https://www.instagram.com/un_instant_pour_une_photo

rckvoyage,https://www.instagram.com/rckvoyage

arabbike.official,https://www.instagram.com/arabbike.official

bold.himalaya,https://www.instagram.com/bold.himalaya

aldinmax_photography,https://www.instagram.com/aldinmax_photography

wildtexasphotos,https://www.instagram.com/wildtexasphotos

albumdeviagem_,https://www.instagram.com/albumdeviagem_

travelsardor,https://www.instagram.com/travelsardor

latelierdeliora,https://www.instagram.com/latelierdeliora

charlievari,https://www.instagram.com/charlievari

a_faceless_000,https://www.instagram.com/a_faceless_000

johannalauryauteur,https://www.instagram.com/johannalauryauteur

earthcurious,https://www.instagram.com/earthcurious

worldofkant,https://www.instagram.com/worldofkant

sergey.st.70,https://www.instagram.com/sergey.st.70

kakabayevv,https://www.instagram.com/kakabayevv

the.nature.diary_,https://www.instagram.com/the.nature.diary_

tanzania_luxury_safaris,https://www.instagram.com/tanzania_luxury_safaris

hotels.inc,https://www.instagram.com/hotels.inc

lasfloresmelb,https://www.instagram.com/lasfloresmelb

akos.dissonart,https://www.instagram.com/akos.dissonart

arthritis_beyond_basics,https://www.instagram.com/arthritis_beyond_basics

lemondedenathalie,https://www.instagram.com/lemondedenathalie

alonsorgt,https://www.instagram.com/alonsorgt

rcastro848,https://www.instagram.com/rcastro848

adnane_str,https://www.instagram.com/adnane_str

sanatseverrrrrr,https://www.instagram.com/sanatseverrrrrr

searchnewzealand,https://www.instagram.com/searchnewzealand

bayonarte_,https://www.instagram.com/bayonarte_

fialcabeautystudio,https://www.instagram.com/fialcabeautystudio

chaitanyatra,https://www.instagram.com/chaitanyatra

photographyandartsnepal,https://www.instagram.com/photographyandartsnepal

mystic_a_d,https://www.instagram.com/mystic_a_d

lucyscompass,https://www.instagram.com/lucyscompass

yesica_campo96,https://www.instagram.com/yesica_campo96

heejee__,https://www.instagram.com/heejee__

manish_thapa99,https://www.instagram.com/manish_thapa99

theworldpiee,https://www.instagram.com/theworldpiee

yunnosky,https://www.instagram.com/yunnosky

photographurry,https://www.instagram.com/photographurry

melissa.lkc.jpg,https://www.instagram.com/melissa.lkc.jpg

veysi.photography,https://www.instagram.com/veysi.photography

srilankatourguides,https://www.instagram.com/srilankatourguides

anzeryaylasi53,https://www.instagram.com/anzeryaylasi53

thechocofix.co,https://www.instagram.com/thechocofix.co

discoverskies,https://www.instagram.com/discoverskies

perksography,https://www.instagram.com/perksography

wanderwithdaphne,https://www.instagram.com/wanderwithdaphne

crazy.after.cookies,https://www.instagram.com/crazy.after.cookies

artbylaurcsi,https://www.instagram.com/artbylaurcsi

prendre_le_temps,https://www.instagram.com/prendre_le_temps

bambooju_,https://www.instagram.com/bambooju_

france_p.a.c,https://www.instagram.com/france_p.a.c

moorevintageco,https://www.instagram.com/moorevintageco

lilas_planet,https://www.instagram.com/lilas_planet

kivanovvv,https://www.instagram.com/kivanovvv

dailyphotographycontent,https://www.instagram.com/dailyphotographycontent

imanycarter,https://www.instagram.com/imanycarter

stardust_cooking,https://www.instagram.com/stardust_cooking

naimtabassam,https://www.instagram.com/naimtabassam

mermerturkyilmaz,https://www.instagram.com/mermerturkyilmaz

travellingforlifes,https://www.instagram.com/travellingforlifes

iphone__photography_x,https://www.instagram.com/iphone__photography_x

sohiyla_travel,https://www.instagram.com/sohiyla_travel

essaidymostapha,https://www.instagram.com/essaidymostapha

lira_artfoto,https://www.instagram.com/lira_artfoto

morocco_tours,https://www.instagram.com/morocco_tours

cappadociaviptours,https://www.instagram.com/cappadociaviptours

jojolaretouche,https://www.instagram.com/jojolaretouche

seventytwomushrooms,https://www.instagram.com/seventytwomushrooms

bohobydivi,https://www.instagram.com/bohobydivi

traveleers.nl,https://www.instagram.com/traveleers.nl

_sandra_avdic,https://www.instagram.com/_sandra_avdic

riyapatel_photography,https://www.instagram.com/riyapatel_photography

thelab98,https://www.instagram.com/thelab98

photoing3,https://www.instagram.com/photoing3

rovertrek,https://www.instagram.com/rovertrek

swatvalley_photography,https://www.instagram.com/swatvalley_photography

creapons,https://www.instagram.com/creapons

nadezhda__gladneva,https://www.instagram.com/nadezhda__gladneva

teamekk,https://www.instagram.com/teamekk

lotte_arn,https://www.instagram.com/lotte_arn

sakumama44,https://www.instagram.com/sakumama44

prismgraphisme,https://www.instagram.com/prismgraphisme

perla_arte,https://www.instagram.com/perla_arte

sendenemelisin,https://www.instagram.com/sendenemelisin

andrelemosfoto,https://www.instagram.com/andrelemosfoto

dodo_kim8772,https://www.instagram.com/dodo_kim8772

des_tresors_dans_mon_grenier,https://www.instagram.com/des_tresors_dans_mon_grenier

citiesoftheworldhotelcusco,https://www.instagram.com/citiesoftheworldhotelcusco

r_a_v_5,https://www.instagram.com/r_a_v_5

travelling_with_sanyasi,https://www.instagram.com/travelling_with_sanyasi

majidouaadi,https://www.instagram.com/majidouaadi

once_upon_a_german,https://www.instagram.com/once_upon_a_german

_aplacenearby,https://www.instagram.com/_aplacenearby

mike_mike_mikemf,https://www.instagram.com/mike_mike_mikemf

mcayfilms,https://www.instagram.com/mcayfilms

travelclover,https://www.instagram.com/travelclover

photo.graphe.dz,https://www.instagram.com/photo.graphe.dz

maanon0211,https://www.instagram.com/maanon0211

pascalineladiet,https://www.instagram.com/pascalineladiet

photogrpher_iphone,https://www.instagram.com/photogrpher_iphone

med.bount,https://www.instagram.com/med.bount

theicelandtrail,https://www.instagram.com/theicelandtrail

4wanderingeducators,https://www.instagram.com/4wanderingeducators

travelmyworld38,https://www.instagram.com/travelmyworld38

rj_photoshop__,https://www.instagram.com/rj_photoshop__

dharmaaajewelry,https://www.instagram.com/dharmaaajewelry

ahmadpirzada_photography,https://www.instagram.com/ahmadpirzada_photography

animalpeak,https://www.instagram.com/animalpeak

onedayleftlifestyle,https://www.instagram.com/onedayleftlifestyle

ternuxi,https://www.instagram.com/ternuxi

liveatlastravel,https://www.instagram.com/liveatlastravel

nature_vibes100,https://www.instagram.com/nature_vibes100

maslovaa.o,https://www.instagram.com/maslovaa.o

to_infinity_and_beyond_005,https://www.instagram.com/to_infinity_and_beyond_005

_.photographer_of_life._,https://www.instagram.com/_.photographer_of_life._

thestartofanewchapter,https://www.instagram.com/thestartofanewchapter

boutique.shop.z,https://www.instagram.com/boutique.shop.z

fotografias_huaraz,https://www.instagram.com/fotografias_huaraz

oceansinsider,https://www.instagram.com/oceansinsider

trvldestination,https://www.instagram.com/trvldestination

the_travel_dutchies,https://www.instagram.com/the_travel_dutchies

wonderfulhappeningss,https://www.instagram.com/wonderfulhappeningss

ph0togramhy,https://www.instagram.com/ph0togramhy

dolcevitaincorsica,https://www.instagram.com/dolcevitaincorsica

userhgf357,https://www.instagram.com/userhgf357

myki.js,https://www.instagram.com/myki.js

soulhealingflowers,https://www.instagram.com/soulhealingflowers

_koraput_gallery,https://www.instagram.com/_koraput_gallery

venturesome_lifestyle,https://www.instagram.com/venturesome_lifestyle

alyasau.nasir,https://www.instagram.com/alyasau.nasir

trangtay_hp,https://www.instagram.com/trangtay_hp

gaelle_voyageaddict,https://www.instagram.com/gaelle_voyageaddict

travelsomary,https://www.instagram.com/travelsomary

nowgoshoot,https://www.instagram.com/nowgoshoot

abbiewaytetattoo,https://www.instagram.com/abbiewaytetattoo

the_wear_doctor,https://www.instagram.com/the_wear_doctor

ozzcelog,https://www.instagram.com/ozzcelog

gb_times,https://www.instagram.com/gb_times

aeneaskincare,https://www.instagram.com/aeneaskincare

thetravellingvilla,https://www.instagram.com/thetravellingvilla

funambelle,https://www.instagram.com/funambelle

sindh__official,https://www.instagram.com/sindh__official

emvebymv,https://www.instagram.com/emvebymv

checkinemfamilia,https://www.instagram.com/checkinemfamilia

life.onpause,https://www.instagram.com/life.onpause

les_petites_racines,https://www.instagram.com/les_petites_racines

elodielesigne,https://www.instagram.com/elodielesigne

_sorography_,https://www.instagram.com/_sorography_

mutumcafe,https://www.instagram.com/mutumcafe

travel_unveil,https://www.instagram.com/travel_unveil

lowkey.loris,https://www.instagram.com/lowkey.loris

newcaledonia.insiders,https://www.instagram.com/newcaledonia.insiders

rikaz_mhd,https://www.instagram.com/rikaz_mhd

___alex.abroad___,https://www.instagram.com/___alex.abroad___

gavilanfotos,https://www.instagram.com/gavilanfotos

justnature03,https://www.instagram.com/justnature03

por_onde_caminhei_,https://www.instagram.com/por_onde_caminhei_

reisen.fieber,https://www.instagram.com/reisen.fieber

true_freedomseekers,https://www.instagram.com/true_freedomseekers

fifi_k.x,https://www.instagram.com/fifi_k.x

photo.fra_,https://www.instagram.com/photo.fra_

pedromanuz97,https://www.instagram.com/pedromanuz97

gurkangraphy,https://www.instagram.com/gurkangraphy

ourrealmorocco,https://www.instagram.com/ourrealmorocco

rashidali.qa,https://www.instagram.com/rashidali.qa

music.soul01,https://www.instagram.com/music.soul01

anah.ome,https://www.instagram.com/anah.ome

kika_baby_chihuahua,https://www.instagram.com/kika_baby_chihuahua

travelfar2021,https://www.instagram.com/travelfar2021

psercia,https://www.instagram.com/psercia

wildwandererske,https://www.instagram.com/wildwandererske

_ya_season_,https://www.instagram.com/_ya_season_

kendihalindekareler,https://www.instagram.com/kendihalindekareler

amanecer_viajando2021,https://www.instagram.com/amanecer_viajando2021

dronephotographyasia,https://www.instagram.com/dronephotographyasia

thoughtsbygem,https://www.instagram.com/thoughtsbygem

andr1ya.ph,https://www.instagram.com/andr1ya.ph

serengetimamba,https://www.instagram.com/serengetimamba

greenpineappleseed,https://www.instagram.com/greenpineappleseed

charles_and_charles,https://www.instagram.com/charles_and_charles

mathiostone.mathios,https://www.instagram.com/mathiostone.mathios

getupandglowcandle,https://www.instagram.com/getupandglowcandle

sk_photography100,https://www.instagram.com/sk_photography100

gregory_smith_naturephotograpy,https://www.instagram.com/gregory_smith_naturephotograpy

belownorthernskies,https://www.instagram.com/belownorthernskies

kapandkk234,https://www.instagram.com/kapandkk234

m._et_mme__roz,https://www.instagram.com/m._et_mme__roz

takipet08,https://www.instagram.com/takipet08

fossilandgemsseller,https://www.instagram.com/fossilandgemsseller

traveling4beauty,https://www.instagram.com/traveling4beauty

cushattributes,https://www.instagram.com/cushattributes

franckyvlog,https://www.instagram.com/franckyvlog

fikri_store.agate,https://www.instagram.com/fikri_store.agate

cultura_viajes,https://www.instagram.com/cultura_viajes

___photofactory_,https://www.instagram.com/___photofactory_

thequeenera3.0,https://www.instagram.com/thequeenera3.0

lntrips,https://www.instagram.com/lntrips

bluelikeoceanvibes,https://www.instagram.com/bluelikeoceanvibes

matea_mintas,https://www.instagram.com/matea_mintas

oceanedipayen72,https://www.instagram.com/oceanedipayen72

beesketfrance,https://www.instagram.com/beesketfrance

mifrenchmentor,https://www.instagram.com/mifrenchmentor

fati_artwork1,https://www.instagram.com/fati_artwork1

elreinodelujo,https://www.instagram.com/elreinodelujo

dolomitland,https://www.instagram.com/dolomitland

homedecorationlove,https://www.instagram.com/homedecorationlove

traveldestinationguru,https://www.instagram.com/traveldestinationguru

animal_nati0n,https://www.instagram.com/animal_nati0n

ig_bia,https://www.instagram.com/ig_bia

barannaydinnli,https://www.instagram.com/barannaydinnli

kadirwiemart,https://www.instagram.com/kadirwiemart

anuj__thakur29,https://www.instagram.com/anuj__thakur29

mellybie,https://www.instagram.com/mellybie

_focusonhealth,https://www.instagram.com/_focusonhealth

climbingcomets,https://www.instagram.com/climbingcomets

_foto.pasja_,https://www.instagram.com/_foto.pasja_
